CREATE DATABASE  IF NOT EXISTS `cupcake` /*!40100 DEFAULT CHARACTER SET utf8 */ /*!80016 DEFAULT ENCRYPTION='N' */;
USE `cupcake`;
-- MySQL dump 10.13  Distrib 8.0.28, for Win64 (x86_64)
--
-- Host: localhost    Database: cupcake
-- ------------------------------------------------------
-- Server version	8.0.28

/*!40101 SET @OLD_CHARACTER_SET_CLIENT=@@CHARACTER_SET_CLIENT */;
/*!40101 SET @OLD_CHARACTER_SET_RESULTS=@@CHARACTER_SET_RESULTS */;
/*!40101 SET @OLD_COLLATION_CONNECTION=@@COLLATION_CONNECTION */;
/*!50503 SET NAMES utf8 */;
/*!40103 SET @OLD_TIME_ZONE=@@TIME_ZONE */;
/*!40103 SET TIME_ZONE='+00:00' */;
/*!40014 SET @OLD_UNIQUE_CHECKS=@@UNIQUE_CHECKS, UNIQUE_CHECKS=0 */;
/*!40014 SET @OLD_FOREIGN_KEY_CHECKS=@@FOREIGN_KEY_CHECKS, FOREIGN_KEY_CHECKS=0 */;
/*!40101 SET @OLD_SQL_MODE=@@SQL_MODE, SQL_MODE='NO_AUTO_VALUE_ON_ZERO' */;
/*!40111 SET @OLD_SQL_NOTES=@@SQL_NOTES, SQL_NOTES=0 */;

--
-- Table structure for table `bottom`
--

DROP TABLE IF EXISTS `bottom`;
/*!40101 SET @saved_cs_client     = @@character_set_client */;
/*!50503 SET character_set_client = utf8mb4 */;
CREATE TABLE `bottom` (
  `bottom_id` int NOT NULL AUTO_INCREMENT,
  `flavor` varchar(45) NOT NULL,
  `price` int NOT NULL,
  PRIMARY KEY (`bottom_id`)
) ENGINE=InnoDB AUTO_INCREMENT=6 DEFAULT CHARSET=utf8mb3;
/*!40101 SET character_set_client = @saved_cs_client */;

--
-- Dumping data for table `bottom`
--

LOCK TABLES `bottom` WRITE;
/*!40000 ALTER TABLE `bottom` DISABLE KEYS */;
INSERT INTO `bottom` VALUES (1,'Chocolate',5),(2,'Vanilla',5),(3,'Nutmeg',5),(4,'Pistacio',6),(5,'Almond',7);
/*!40000 ALTER TABLE `bottom` ENABLE KEYS */;
UNLOCK TABLES;

--
-- Table structure for table `order`
--

DROP TABLE IF EXISTS `order`;
/*!40101 SET @saved_cs_client     = @@character_set_client */;
/*!50503 SET character_set_client = utf8mb4 */;
CREATE TABLE `order` (
  `order_id` int NOT NULL AUTO_INCREMENT,
  `user_id` int NOT NULL,
  `price_total` int NOT NULL,
  PRIMARY KEY (`order_id`),
  KEY `fk_order_user1` (`user_id`),
  CONSTRAINT `fk_order_user1` FOREIGN KEY (`user_id`) REFERENCES `user` (`user_id`)
) ENGINE=InnoDB AUTO_INCREMENT=12 DEFAULT CHARSET=utf8mb3;
/*!40101 SET character_set_client = @saved_cs_client */;

--
-- Dumping data for table `order`
--

LOCK TABLES `order` WRITE;
/*!40000 ALTER TABLE `order` DISABLE KEYS */;
INSERT INTO `order` VALUES (1,1,10),(2,1,11),(3,1,35),(4,1,56),(5,1,25);
/*!40000 ALTER TABLE `order` ENABLE KEYS */;
UNLOCK TABLES;

--
-- Table structure for table `order_line`
--

DROP TABLE IF EXISTS `order_line`;
/*!40101 SET @saved_cs_client     = @@character_set_client */;
/*!50503 SET character_set_client = utf8mb4 */;
CREATE TABLE `order_line` (
  `order_line_id` int NOT NULL AUTO_INCREMENT,
  `order_id` int NOT NULL,
  `quantity` int NOT NULL,
  `top_id` int NOT NULL,
  `bottom_id` int NOT NULL,
  `line_price` int NOT NULL,
  PRIMARY KEY (`order_line_id`),
  KEY `fk_order_line_top_idx` (`top_id`),
  KEY `fk_order_line_bottom1_idx` (`bottom_id`),
  KEY `fk_order_line_order1_idx` (`order_id`),
  CONSTRAINT `fk_order_line_bottom1` FOREIGN KEY (`bottom_id`) REFERENCES `bottom` (`bottom_id`),
  CONSTRAINT `fk_order_line_order1` FOREIGN KEY (`order_id`) REFERENCES `order` (`order_id`),
  CONSTRAINT `fk_order_line_top` FOREIGN KEY (`top_id`) REFERENCES `top` (`top_id`)
) ENGINE=InnoDB AUTO_INCREMENT=11 DEFAULT CHARSET=utf8mb3;
/*!40101 SET character_set_client = @saved_cs_client */;

--
-- Dumping data for table `order_line`
--

LOCK TABLES `order_line` WRITE;
/*!40000 ALTER TABLE `order_line` DISABLE KEYS */;
INSERT INTO `order_line` VALUES (1,1,1,1,1,10),(2,4,1,4,2,11),(3,4,3,4,3,33),(4,4,1,1,5,12),(5,5,1,7,4,14),(6,5,1,5,3,11);
/*!40000 ALTER TABLE `order_line` ENABLE KEYS */;
UNLOCK TABLES;

--
-- Table structure for table `top`
--

DROP TABLE IF EXISTS `top`;
/*!40101 SET @saved_cs_client     = @@character_set_client */;
/*!50503 SET character_set_client = utf8mb4 */;
CREATE TABLE `top` (
  `top_id` int NOT NULL AUTO_INCREMENT,
  `flavor` varchar(45) NOT NULL,
  `price` int NOT NULL,
  PRIMARY KEY (`top_id`)
) ENGINE=InnoDB AUTO_INCREMENT=10 DEFAULT CHARSET=utf8mb3;
/*!40101 SET character_set_client = @saved_cs_client */;

--
-- Dumping data for table `top`
--

LOCK TABLES `top` WRITE;
/*!40000 ALTER TABLE `top` DISABLE KEYS */;
INSERT INTO `top` VALUES (1,'Chocolate',5),(2,'Blueberry',5),(3,'Rasberry',5),(4,'Crispy',6),(5,'Strawberry',6),(6,'Rum/Raisin',7),(7,'Orange',8),(8,'Lemon',8),(9,'Blue cheese',9);
/*!40000 ALTER TABLE `top` ENABLE KEYS */;
UNLOCK TABLES;

--
-- Table structure for table `user`
--

DROP TABLE IF EXISTS `user`;
/*!40101 SET @saved_cs_client     = @@character_set_client */;
/*!50503 SET character_set_client = utf8mb4 */;
CREATE TABLE `user` (
  `user_id` int NOT NULL AUTO_INCREMENT,
  `username` varchar(45) NOT NULL,
  `password` varchar(45) NOT NULL,
  `email` varchar(45) NOT NULL,
  `balance` int NOT NULL DEFAULT '0',
  `isAdmin` tinyint NOT NULL,
  PRIMARY KEY (`user_id`)
) ENGINE=InnoDB AUTO_INCREMENT=11 DEFAULT CHARSET=utf8mb3;
/*!40101 SET character_set_client = @saved_cs_client */;

--
-- Dumping data for table `user`
--

LOCK TABLES `user` WRITE;
/*!40000 ALTER TABLE `user` DISABLE KEYS */;
INSERT INTO `user` VALUES (1,'Admin','1234','a@a.dk',100,1),(3,'user','1234','u@u.dk',20,0);
/*!40000 ALTER TABLE `user` ENABLE KEYS */;
UNLOCK TABLES;
/*!40103 SET TIME_ZONE=@OLD_TIME_ZONE */;

/*!40101 SET SQL_MODE=@OLD_SQL_MODE */;
/*!40014 SET FOREIGN_KEY_CHECKS=@OLD_FOREIGN_KEY_CHECKS */;
/*!40014 SET UNIQUE_CHECKS=@OLD_UNIQUE_CHECKS */;
/*!40101 SET CHARACTER_SET_CLIENT=@OLD_CHARACTER_SET_CLIENT */;
/*!40101 SET CHARACTER_SET_RESULTS=@OLD_CHARACTER_SET_RESULTS */;
/*!40101 SET COLLATION_CONNECTION=@OLD_COLLATION_CONNECTION */;
/*!40111 SET SQL_NOTES=@OLD_SQL_NOTES */;

-- Dump completed on 2022-04-22 11:38:58
